patient_id,age,insurance_type,income_level,credit_score,prior_collections,employed,procedure_type,total_charges,insurance_paid,patient_responsibility,prior_balance,payment_history_score,typical_days_to_pay,payment_propensity_score,will_pay_full,payment_timeline,days_to_payment,payment_amount,financial_assistance_eligible,payment_burden_ratio,affordability_score,high_balance_flag,prior_collection_flag,low_credit_flag,uninsured_flag,unemployed_flag,payment_capacity_score,collection_risk_score
PT000001,59,Medicare,Medium,671,0,True,Emergency Visit,1992,1223,769,0,62.5,19,79.7,True,On-Time,25,769,False,0.38585047666833916,59.64865263717128,0,0,0,0,0,69.00441176470588,0
PT000002,57,Private,Medium,624,0,True,Inpatient Stay,47234,34011,13223,0,84.8,89,86.5,True,On-Time,45,13223,False,0.2799407219223034,59.41472860976718,1,0,1,0,0,79.37411764705882,35
PT000003,18,Private,Medium,716,0,True,Emergency Visit,1415,1070,345,0,79.6,61,87.7,True,On-Time,15,345,False,0.24364406779661016,72.05309072781655,0,0,0,0,0,81.34235294117647,0
PT000004,39,Medicare,Medium,686,2,False,Physical Therapy,280,164,116,1425,74.1,57,70.7,True,Late,74,116,False,0.4128113879003559,60.06531295792338,0,1,0,0,1,73.6820588235294,65
PT000005,35,Medicare,Low,555,1,True,Specialist Consultation,471,276,195,1200,39.1,52,65.3,True,Late,96,195,False,0.413135593220339,44.63733798604188,0,1,1,0,0,56.03794117647059,45
PT000006,95,Private,High,809,1,False,Diagnostic Test,1595,1268,327,1126,94.0,19,85.7,True,On-Time,14,327,False,0.20488721804511278,84.93210968597965,0,1,0,0,1,90.21176470588235,40
PT000007,65,Private,Medium,647,1,True,Emergency Visit,2017,1496,521,175,64.1,59,77.0,True,On-Time,27,521,True,0.2581764122893954,63.20882644435376,0,1,1,0,0,73.07617647058822,45
PT000008,18,Private,Medium,632,1,True,Diagnostic Test,1472,1145,327,737,61.9,43,75.9,True,On-Time,26,327,True,0.2219959266802444,63.25314484245837,0,1,1,0,0,71.6885294117647,45
PT000009,56,Private,Low,678,2,False,Physical Therapy,391,301,90,1091,46.5,100,63.6,True,Late,62,90,False,0.22959183673469388,68.28511404561824,0,1,0,0,1,68.19264705882352,65
PT000010,57,Medicaid,Low,717,3,True,Diagnostic Test,272,184,88,58,45.4,94,61.7,False,Partial,72,51,True,0.32234432234432236,68.23572505925446,0,1,0,0,0,61.913529411764706,75
PT000011,85,Private,Low,650,1,False,Inpatient Stay,29292,21566,7726,1431,51.0,111,68.2,True,Late,82,7726,True,0.2637490185368518,63.28313730845153,1,1,0,0,1,68.61470588235294,55
PT000012,20,Private,Medium,733,0,True,Emergency Visit,2509,1843,666,0,82.3,87,89.0,True,On-Time,31,666,False,0.2653386454183267,72.96836184673072,0,0,0,0,0,82.98735294117647,0
PT000013,43,Private,High,783,0,True,Outpatient Surgery,10772,7756,3016,0,90.3,21,92.9,True,On-Time,24,3016,False,0.2799591571521396,78.11968920121654,1,0,0,0,0,87.84617647058823,15
PT000014,23,Medicare,Medium,850,1,False,Inpatient Stay,20192,13049,7143,195,73.0,41,79.1,True,On-Time,44,7143,False,0.35373644332194326,82.31317783390284,1,1,0,0,1,80.05,55
PT000015,49,Private,High,666,0,True,Outpatient Surgery,14972,11099,3873,0,64.2,76,81.6,True,On-Time,29,3873,False,0.2586655980765378,65.4196612726437,1,0,0,0,0,73.8935294117647,15
PT000016,74,Medicare,Medium,594,2,False,Outpatient Surgery,8873,5759,3114,138,76.8,44,68.8,True,Late,90,3114,True,0.3509127789046653,52.33671399594321,1,1,1,0,1,70.83882352941175,100
PT000017,33,Medicare,Medium,763,1,True,Specialist Consultation,409,260,149,800,63.8,98,78.8,True,On-Time,30,149,False,0.36341463414634145,71.59397417503587,0,1,0,0,0,73.24764705882353,25
PT000018,41,Private,High,792,0,True,Outpatient Surgery,9145,6750,2395,0,94.7,35,94.4,True,On-Time,20,2395,False,0.2618631095560901,80.08331511043079,1,0,0,0,0,89.75676470588235,15
PT000019,62,Private,Medium,670,0,True,Diagnostic Test,1523,1122,401,0,73.5,39,84.5,True,On-Time,37,401,False,0.2631233595800525,65.66736143276208,0,0,0,0,0,77.31323529411765,0
PT000020,18,Self-Pay,Low,618,3,True,Specialist Consultation,733,0,733,1153,52.2,52,57.8,True,Late,48,733,False,0.9986376021798365,22.774002243949354,0,1,1,1,0,52.71705882352941,120
PT000021,60,Medicaid,Medium,697,0,True,Physical Therapy,455,313,142,0,83.4,73,84.5,True,On-Time,41,142,True,0.31140350877192985,66.4298245614035,0,0,0,0,0,74.39,0
PT000022,18,Self-Pay,Low,691,1,True,Outpatient Surgery,3060,0,3060,87,49.2,121,67.1,False,Partial,101,1498,True,0.999673309376021,31.310452178257776,1,1,0,1,0,54.67294117647059,65
PT000023,30,Private,Medium,727,1,True,Physical Therapy,246,191,55,638,67.7,72,80.4,True,On-Time,60,55,False,0.22267206477732793,74.39580852583948,0,1,0,0,0,77.63029411764705,25
PT000024,23,Medicare,Medium,723,2,True,Specialist Consultation,405,260,145,498,79.9,114,78.5,True,On-Time,30,145,True,0.35714285714285715,67.2016806722689,0,1,0,0,0,77.23558823529412,50
PT000025,21,Medicare,Low,607,1,True,Inpatient Stay,30740,19518,11222,22,64.8,36,74.5,False,Partial,70,8454,True,0.3650499333138154,53.15926804019158,1,1,1,0,0,67.17411764705882,60
PT000026,62,Medicare,Low,473,2,False,Emergency Visit,2632,1590,1042,243,59.8,62,60.1,True,Late,64,1042,True,0.3957462969996202,35.859743973548404,0,1,1,0,1,59.906470588235294,85
PT000027,64,Medicare,Low,616,2,True,Emergency Visit,676,404,272,556,42.6,64,64.1,False,Partial,54,143,True,0.4017725258493353,52.381961942827346,0,1,1,0,0,59.77470588235294,70
PT000028,58,Private,High,838,0,True,Inpatient Stay,41455,32723,8732,0,98.7,35,97.0,True,On-Time,68,8732,False,0.21063296024700887,88.05658728176721,1,0,0,0,0,93.05088235294119,15
PT000029,61,Medicare,Low,689,2,True,Outpatient Surgery,3609,2319,1290,14,50.3,146,68.6,False,Partial,61,685,True,0.3573407202216066,63.19178751833144,0,1,0,0,0,65.47558823529411,50
PT000030,52,Private,High,757,0,True,Specialist Consultation,684,512,172,0,86.9,45,91.1,True,On-Time,31,172,False,0.2510948905109489,76.50407900386432,0,0,0,0,0,85.58558823529411,0
PT000031,60,Private,Low,521,2,True,Outpatient Surgery,5332,4014,1318,601,34.8,50,60.5,False,Partial,35,919,True,0.24714044627789236,48.93709533316421,0,1,1,0,0,57.63294117647059,70
PT000032,35,Private,High,721,0,True,Emergency Visit,2221,1609,612,0,98.7,15,93.6,True,On-Time,26,612,False,0.27542754275427545,71.05215227405094,0,0,0,0,0,88.23323529411765,0
PT000033,53,Medicare,Low,650,1,False,Inpatient Stay,29945,18708,11237,272,38.7,128,63.0,True,Late,60,11237,True,0.3752421024510786,57.70848311274018,1,1,0,0,1,59.80970588235294,55
PT000034,58,Private,High,788,0,False,Physical Therapy,405,317,88,0,90.2,51,88.0,True,On-Time,25,88,False,0.21674876847290642,81.86844392929586,0,0,0,0,1,88.01705882352941,15
PT000035,43,Private,Medium,711,2,True,Inpatient Stay,27641,21795,5846,537,64.1,63,74.9,True,Late,62,5846,False,0.2114897619564431,73.07257072570727,1,1,0,0,0,75.71147058823529,65
PT000036,51,Self-Pay,Low,583,2,True,Physical Therapy,329,0,329,68,58.4,103,62.7,True,Late,97,329,False,0.996969696969697,18.739750445632808,0,1,1,1,0,53.445882352941176,95
PT000037,60,Private,Low,684,1,True,Diagnostic Test,324,235,89,9,33.3,75,68.9,False,Partial,79,46,False,0.27384615384615385,66.77828054298642,0,1,0,0,0,63.819705882352935,25
PT000038,38,Private,Low,669,1,True,Emergency Visit,1370,1089,281,19,44.6,91,71.8,True,Late,84,281,True,0.2049598832968636,68.457888188098,0,1,0,0,0,67.15705882352941,25
PT000039,83,Medicare,Low,478,1,False,Diagnostic Test,942,573,369,748,41.9,136,58.9,True,Late,66,369,False,0.391304347826087,36.670076726342714,0,1,1,0,1,53.84735294117647,60
PT000040,41,Self-Pay,Low,628,1,False,Physical Therapy,298,0,298,246,40.4,101,57.6,False,Partial,72,199,False,0.9966555183946488,24.049577021444037,0,1,1,1,1,48.99882352941176,85
PT000041,23,Private,Low,374,1,True,Specialist Consultation,340,253,87,558,56.3,108,66.6,True,Late,87,87,True,0.25513196480938416,31.243401759530798,0,1,1,0,0,59.105,45
PT000042,49,Private,High,705,1,True,Diagnostic Test,994,786,208,216,86.8,34,85.5,True,On-Time,24,208,False,0.20904522613065327,72.48891516405557,0,1,0,0,0,83.40941176470588,25
PT000043,33,Private,Low,627,1,True,Inpatient Stay,15015,11287,3728,1112,35.1,42,67.7,True,Late,76,3728,True,0.2482685135855088,61.3512802030775,1,1,1,0,0,62.10264705882353,60
PT000044,71,Medicaid,Low,626,2,False,Emergency Visit,2868,2004,864,699,43.2,28,57.4,True,Late,106,864,False,0.3011502265597769,58.58954749554057,0,1,1,0,1,57.39647058823529,85
PT000045,43,Private,High,749,0,True,Specialist Consultation,631,493,138,0,97.3,38,94.0,True,On-Time,41,138,False,0.21835443037974683,77.19992553983619,0,0,0,0,0,88.89617647058823,0
PT000046,39,Private,High,679,0,False,Emergency Visit,2671,1970,701,0,63.7,96,76.8,True,On-Time,30,701,True,0.2623502994011976,66.76483797111659,0,0,0,0,1,74.25382352941176,15
PT000047,51,Self-Pay,Low,555,1,True,Inpatient Stay,12479,0,12479,122,40.3,133,60.4,True,Late,60,12479,True,0.9999198717948717,15.298124057315249,1,1,1,1,0,45.957941176470584,85
PT000048,47,Private,Low,567,1,True,Outpatient Surgery,6328,4651,1677,311,42.4,67,68.1,True,Late,78,1677,True,0.2649707694738505,53.45734387924865,0,1,1,0,0,62.187058823529405,45
PT000049,56,Private,Medium,792,0,True,Specialist Consultation,541,401,140,0,63.3,93,85.0,True,On-Time,12,140,False,0.25830258302583026,80.26134143694378,0,0,0,0,0,78.76676470588235,0
PT000050,52,Private,High,801,0,True,Specialist Consultation,655,496,159,0,99.8,43,96.2,True,On-Time,23,159,False,0.2423780487804878,82.11639167862268,0,0,0,0,0,91.91235294117647,0
PT000051,73,Medicare,Medium,657,1,True,Inpatient Stay,26091,15966,10125,159,61.4,65,75.0,True,Late,81,10125,False,0.3880499770044458,57.89161879683653,1,1,0,0,0,68.04294117647058,40
PT000052,80,Self-Pay,Low,631,2,False,Outpatient Surgery,7534,0,7534,137,37.2,64,52.7,False,Partial,91,1975,True,0.9998672859986728,24.241929817713412,1,1,1,1,1,48.00235294117647,125
PT000053,56,Private,High,774,0,False,Emergency Visit,1745,1322,423,0,97.5,39,89.8,True,On-Time,24,423,False,0.2422680412371134,78.94542146755609,0,0,0,0,1,89.99558823529412,15
PT000054,58,Private,Low,703,1,True,Physical Therapy,348,270,78,119,34.8,38,69.9,True,Late,103,78,True,0.22349570200573066,71.53109725265465,0,1,0,0,0,65.12705882352941,25
PT000055,67,Private,High,743,0,False,Specialist Consultation,659,495,164,0,94.3,15,87.9,True,On-Time,29,164,True,0.24848484848484848,74.98752228163993,0,0,0,0,1,87.59911764705882,15
PT000056,57,Private,Low,607,3,True,Emergency Visit,1022,783,239,208,48.8,160,63.2,True,Late,52,239,False,0.23362658846529813,59.73043528261745,0,1,1,0,0,66.07411764705881,95
PT000057,82,Private,Medium,631,1,True,Outpatient Surgery,7148,5659,1489,321,76.7,51,80.3,True,On-Time,25,1489,False,0.2082808784445377,63.82125019542018,0,1,1,0,0,76.82735294117647,45
PT000058,33,Private,High,722,0,True,Specialist Consultation,497,371,126,0,98.4,26,93.5,True,On-Time,21,126,True,0.25301204819277107,72.29057406094968,0,0,0,0,0,88.16941176470587,0
PT000059,37,Private,Medium,663,1,True,Physical Therapy,468,339,129,162,80.2,45,82.3,True,On-Time,35,129,True,0.27505330490405117,64.24733475479744,0,1,0,0,0,79.37,25
PT000060,39,Private,High,688,0,True,Physical Therapy,403,307,96,0,55.2,102,79.6,True,On-Time,22,96,False,0.2376237623762376,69.05998835177635,0,0,0,0,0,71.64941176470587,0
PT000061,59,Private,High,782,0,True,Outpatient Surgery,8368,6381,1987,0,88.6,22,92.3,True,On-Time,15,1987,False,0.23742382602461465,80.12880869876926,0,0,0,0,0,87.21,0
PT000062,37,Private,High,695,1,False,Physical Therapy,237,179,58,219,52.7,167,70.0,False,Partial,62,40,True,0.24369747899159663,69.57983193277312,0,1,0,0,1,71.06264705882353,40
PT000063,91,Medicare,Medium,763,2,False,Diagnostic Test,710,432,278,519,74.3,32,73.0,True,Late,86,278,True,0.3909985935302391,70.21477620584099,0,1,0,0,1,76.92264705882353,65
PT000064,36,Private,High,725,0,True,Inpatient Stay,8610,6560,2050,0,91.2,33,91.4,True,On-Time,29,2050,False,0.23806758796887703,73.39073824861498,1,0,0,0,0,85.77294117647058,15
PT000065,54,Private,Medium,696,1,True,Physical Therapy,428,332,96,382,71.9,51,80.8,True,On-Time,34,96,False,0.22377622377622378,70.69354175236529,0,1,0,0,0,77.82382352941175,25
PT000066,62,Medicare,Medium,631,1,True,Physical Therapy,344,207,137,435,63.9,115,75.0,True,Late,42,137,True,0.39710144927536234,54.38022165387894,0,1,1,0,0,67.84735294117647,45
PT000067,47,Private,High,729,1,True,Diagnostic Test,1981,1477,504,830,88.8,41,86.8,True,On-Time,37,504,False,0.2542885973763875,73.05027601353356,0,1,0,0,0,85.09764705882353,25
PT000068,35,Private,High,850,0,True,Inpatient Stay,43282,33746,9536,0,91.1,24,95.1,True,On-Time,17,9536,False,0.220317445648407,88.98412771757965,1,0,0,0,0,90.88499999999999,15
PT000069,53,Private,Low,634,3,False,Inpatient Stay,11289,8846,2443,112,35.7,101,55.1,True,Late,66,2443,True,0.21638618246235608,63.76892617099985,1,1,1,0,1,62.60088235294118,125
PT000070,55,Private,Low,755,1,True,Emergency Visit,1970,1526,444,300,55.0,97,77.5,True,On-Time,38,444,False,0.2252663622526636,77.56021129913152,0,1,0,0,0,74.33823529411765,25
PT000071,18,Medicare,Medium,770,2,True,Physical Therapy,459,279,180,392,82.7,42,80.7,True,On-Time,32,180,False,0.391304347826087,71.02301790281331,0,1,0,0,0,80.15088235294118,50
PT000072,53,Private,Medium,714,0,True,Diagnostic Test,1629,1253,376,0,73.3,63,85.8,True,On-Time,32,376,False,0.23067484662576687,72.46625766871165,0,0,0,0,0,79.05499999999999,0
PT000073,40,Private,High,707,0,True,Inpatient Stay,6508,4982,1526,0,96.4,26,92.5,True,On-Time,38,1526,False,0.23444461514825626,71.45423983082247,0,0,0,0,0,86.85176470588235,0
PT000074,75,Private,Medium,653,2,False,Specialist Consultation,619,481,138,512,77.3,27,72.2,True,Late,80,138,False,0.22258064516129034,65.69449715370018,0,1,0,0,1,77.94323529411764,65
PT000075,28,Self-Pay,Low,574,1,True,Specialist Consultation,297,0,297,275,40.1,112,60.9,False,Partial,79,135,False,0.9966442953020134,17.69719699960521,0,1,1,1,0,46.67029411764706,70
PT000076,44,Medicare,Low,579,2,True,Inpatient Stay,46945,29187,17758,596,62.3,66,69.0,True,Late,84,17758,True,0.3782643888723214,49.204427615207464,1,1,1,0,0,65.14617647058823,85
PT000077,87,Private,Low,704,1,True,Specialist Consultation,217,170,47,1207,34.3,71,69.7,True,Late,65,47,False,0.21559633027522937,72.04371289800324,0,1,0,0,0,64.99323529411765,25
PT000078,58,Private,Medium,656,1,True,Diagnostic Test,1264,950,314,28,68.4,39,78.6,True,On-Time,13,314,False,0.2482213438735178,64.7654033945594,0,1,0,0,0,74.95176470588235,25
PT000079,66,Private,High,753,0,True,Inpatient Stay,26637,21135,5502,0,93.8,34,93.0,True,On-Time,14,5502,False,0.20654703806592087,78.2608833908216,1,0,0,0,0,87.83588235294117,15
PT000080,70,Private,High,715,0,False,Emergency Visit,532,411,121,0,87.7,22,85.1,True,On-Time,28,121,False,0.2270168855534709,72.76680278114998,0,0,0,0,1,84.13617647058824,15
PT000081,50,Medicare,Medium,689,2,True,Diagnostic Test,915,560,355,804,68.7,105,74.1,True,Late,63,355,False,0.3875545851528384,61.681094271769844,0,1,0,0,0,71.91558823529411,50
PT000082,71,Medicare,Medium,656,2,False,Diagnostic Test,1595,980,615,371,71.0,84,68.8,False,Partial,33,284,False,0.38533834586466165,57.90955329500221,0,1,0,0,1,71.36176470588235,65
PT000083,55,Self-Pay,Low,592,2,False,Inpatient Stay,17183,0,17183,516,44.3,118,53.7,False,Partial,158,3576,True,0.9999418063314711,19.649968506955858,1,1,1,1,1,48.88147058823529,125
PT000084,35,Medicare,Medium,636,2,True,Physical Therapy,338,205,133,421,82.2,94,76.6,True,On-Time,34,133,False,0.39233038348082594,55.20701023772341,0,1,1,0,0,74.45823529411764,70
PT000085,74,Self-Pay,Low,639,2,False,Emergency Visit,852,0,852,260,41.3,96,54.2,False,Partial,98,358,False,0.9988276670574443,25.235087235363082,0,1,1,1,1,49.76676470588235,110
PT000086,56,Medicare,Medium,732,1,True,Specialist Consultation,681,413,268,150,69.5,28,79.6,True,On-Time,36,268,False,0.39296187683284456,66.4695532171813,0,1,0,0,0,73.96617647058824,25
PT000087,24,Medicare,Medium,785,0,False,Inpatient Stay,43748,26216,17532,0,84.4,52,84.6,True,On-Time,32,17532,False,0.40074058835630527,72.31591175865532,1,0,0,0,1,81.3635294117647,30
PT000088,55,Private,High,751,1,True,Diagnostic Test,1072,815,257,676,95.5,16,89.5,True,On-Time,25,257,False,0.23951537744641194,76.37717230415,0,1,0,0,0,88.3485294117647,25
PT000089,29,Private,Low,739,1,True,Specialist Consultation,261,193,68,9,62.0,95,79.1,True,On-Time,20,68,False,0.2595419847328244,73.96407723394702,0,1,0,0,0,76.12941176470588,25
PT000090,58,Medicare,Medium,577,1,True,Physical Therapy,388,229,159,75,66.6,78,74.2,True,Late,56,159,False,0.4087403598971722,47.44533494631786,0,1,1,0,0,66.56882352941176,45
PT000091,64,Private,High,683,1,True,Physical Therapy,465,350,115,241,48.2,79,73.3,True,Late,78,115,False,0.24678111587982832,68.01388538247917,0,1,0,0,0,68.99352941176471,25
PT000092,21,Private,Medium,714,1,False,Inpatient Stay,21005,16331,4674,176,74.2,101,77.0,True,On-Time,26,4674,False,0.2225078548986004,72.87460725506998,1,1,0,0,1,79.37,55
PT000093,51,Private,Medium,690,0,True,Inpatient Stay,29292,21469,7823,0,81.0,67,87.4,True,On-Time,19,7823,False,0.26706038985423136,67.82345109552372,1,0,0,0,0,80.76176470588234,15
PT000094,18,Private,High,732,0,True,Outpatient Surgery,8945,6933,2012,0,91.5,37,91.7,True,On-Time,24,2012,False,0.22490498546836574,74.87239778540524,1,0,0,0,0,86.16617647058823,15
PT000095,62,Private,High,798,0,True,Emergency Visit,757,564,193,0,97.1,32,95.4,True,On-Time,49,193,False,0.2546174142480211,81.15148222877542,0,0,0,0,0,90.84382352941175,0
PT000096,63,Medicaid,Low,700,3,False,Emergency Visit,2230,1537,693,143,47.1,102,56.7,False,Partial,79,327,False,0.31062303899596594,66.8217892266723,0,1,0,0,1,61.80852941176471,90
PT000097,66,Private,Low,619,2,False,Specialist Consultation,625,459,166,61,44.8,109,61.4,True,Late,90,166,True,0.26517571884984026,59.56474346927269,0,1,1,0,1,65.16823529411764,85
PT000098,48,Medicare,Low,563,1,True,Specialist Consultation,174,108,66,130,34.2,96,64.1,False,Partial,65,35,False,0.37714285714285717,47.3781512605042,0,1,1,0,0,54.65235294117647,45
PT000099,44,Private,High,756,0,True,Physical Therapy,315,243,72,0,96.1,15,93.8,True,On-Time,37,72,False,0.22784810126582278,77.5487714072971,0,0,0,0,0,88.76441176470587,0
PT000100,45,Private,High,799,0,False,Specialist Consultation,163,128,35,0,92.9,24,89.1,True,On-Time,44,35,False,0.21341463414634146,83.32926829268293,0,0,0,0,1,89.41499999999999,15
